{
  "name": "space-exploration-official-modpack",
  "version": "0.6.3",
  "title": "Space Exploration Official Modpack",
  "author": "Earendel",
  "dependencies": [
    "space-exploration >= 0.6.1",
    "aai-vehicles-ironclad",
    "bullet-trails",
    "grappling-gun",
    "combat-mechanics-overhaul",
    "equipment-gantry",
    "Milestones",
    "ModuleInserterSimplified",
    "textplates",
    "? InserterFuelLeech"
  ],
  "description": "The official Space Exploration modpack. Contains the required and recommended mods. If you don't want all the recommended mods then don't use a modpack, just install the main Space Exploration mod and any prerequisites will be installed.",
  "factorio_version": "1.1",
  "homepage": "https://spaceexploration.miraheze.org/wiki/Main_Page"
}
